{
    "LEVEL_1_ACTIONS": {
        "SILENT_RUN": false
    },
    "LEVEL_2_ACTIONS": {
        "OPEN_CHECKIN_APP": true,
        "OPEN_CHECKOUT_APP": true,
        "OPEN_CUSTOM_APP": true
    },
    "LEVEL_3_ACTIONS": {
        "DO_CHECKIN_ACTION": true,
        "DO_CHECKOUT_ACTION": true,
        "DO_CUSTOM_ACTION": true
    },
    "MY_DATA": {
        "STANDARD_WORKING_TIME": "8 hours 30 minutes",
        "CHECKIN": {
            "URL": "https://mail.yahoo.com",
            "XLS": "logging.xlsx",
            "SYSTEM": "Checkin",
            "USER": "user1",
            "PASSWORD": "pass123"
        },
        "CUSTOM": {
            "URL": "https://www.foreca.com/100681290/Cluj-Napoca-Romania",
            "SYSTEM": "",
            "USER": "",
            "PASSWORD": ""
        }
    },
    "ICON_DATA": {
        "CHECKIN_DONE_COLOR": "DarkSlateGrey",
        "CHECKOUT_DONE_COLOR": "Red",
        "OVERTIME_STARTED_COLOR": "Green",
        "BREAK_TIME_COLOR": "Blue",
        "CHECKOUT_WARNING_COLOR": "Yellow=Black",
        "CHECKOUT_WARNING_MINUTES": 30
    },
    "OUTPUT": {
        "CUMULATED_OVER_UNDER_TIME": "",
        "CHECKIN_DATE": "",
        "CHECKOUT_CALC_DATE": "",
        "BREAK_TIME_TODAY": "",
        "TRAY_ICON_PID": 24744
    }
}